{
    "args": {
        "batch_size": 32,
        "epochs": 300,
        "experiment_id": "866418",
        "lr": 0.01,
        "lr_decay_gamma": 0.3,
        "lr_decay_patience": 80,
        "model": "waveunet",
        "nb_channels": 1,
        "nb_workers": 0,
        "no_cuda": false,
        "num_its": 64,
        "output": "output",
        "patience": 140,
        "quiet": false,
        "root": "../../../media/sdb1/Data/ETRI_Music/",
        "seed": 42,
        "seq_dur": 16384,
        "weight_decay": 1e-05,
        "zero_pad": 8064
    },
    "best_epoch": 9,
    "best_loss": 0.04267739618220085,
    "epochs_trained": 19,
    "num_bad_epochs": 10,
    "train_loss_history": [
        0.05409840037102519,
        0.053878541124299906,
        0.05389885136636509,
        0.05386698973666843,
        0.05391184466504547,
        0.05392923027265971,
        0.053893806405755355,
        0.05383895342937428,
        0.05390539758917242,
        0.053871046584003095,
        0.053914271248401195,
        0.053921606105968585,
        0.05395447821256473,
        0.05386523571820825,
        0.05389840966958508,
        0.053859640602897246,
        0.05383155007981668,
        0.053877238567557585,
        0.05390069311616953
    ],
    "train_time_history": [
        733.6184062957764,
        721.8198397159576,
        693.4459669589996,
        714.8625633716583,
        692.9399042129517,
        704.3517887592316,
        699.7485435009003,
        684.3339614868164,
        683.5496709346771,
        694.0377240180969,
        687.9070432186127,
        697.9215421676636,
        652.526184797287,
        652.2070679664612,
        653.4995143413544,
        652.7206611633301,
        656.8881945610046,
        654.031824350357
    ],
    "valid_loss_history": [
        0.0426776057315805,
        0.042677401634940014,
        0.04267834743233832,
        0.04267856580840457,
        0.04268327987717643,
        0.04267782803114099,
        0.042677618151109355,
        0.0426847725164103,
        0.04267739618220085,
        0.042677872930268666,
        0.04267795586371831,
        0.04267993399370853,
        0.0426776149195177,
        0.042678457242758344,
        0.04267985498420677,
        0.04267753877807164,
        0.042678674776271804,
        0.0426861814891847,
        0.04269025809282647
    ]
}