{
    "args": {
        "batch_size": 32,
        "epochs": 300,
        "experiment_id": "517737",
        "lr": 0.01,
        "lr_decay_gamma": 0.3,
        "lr_decay_patience": 80,
        "model": "waveunet",
        "nb_channels": 1,
        "nb_workers": 0,
        "no_cuda": false,
        "num_its": 10,
        "output": "output",
        "patience": 140,
        "quiet": false,
        "root": "../../../media/sdb1/Data/ETRI_Music/",
        "seed": 42,
        "seq_dur": 16384,
        "weight_decay": 1e-05,
        "zero_pad": 8064
    },
    "best_epoch": 144,
    "best_loss": 1.140716417302587e-05,
    "epochs_trained": 201,
    "num_bad_epochs": 57,
    "train_loss_history": [
        0.0008527692231788702,
        6.706727173834827e-05,
        4.257422260061449e-05,
        4.6043041616488114e-05,
        3.6841821104014976e-05,
        3.672117601831949e-05,
        3.5601667429099395e-05,
        3.6901029000831485e-05,
        3.604953852161395e-05,
        3.653223992944209e-05,
        4.519913869853284e-05,
        4.129083213202115e-05,
        4.149992551288454e-05,
        3.828696565306987e-05,
        3.8415233137441824e-05,
        3.6944654508777644e-05,
        4.1040108592786585e-05,
        3.9409770379171874e-05,
        4.00034312874407e-05,
        3.965862422278971e-05,
        3.988340301459401e-05,
        3.8974723041403907e-05,
        3.8419623413133005e-05,
        3.931138034360263e-05,
        3.747705427593558e-05,
        4.029740221300641e-05,
        3.82970027666375e-05,
        3.805750991015357e-05,
        4.0381021353123986e-05,
        3.752076431549448e-05,
        3.773603061099439e-05,
        3.861566514732384e-05,
        4.008263262566014e-05,
        3.8742959858765607e-05,
        3.9791647905399286e-05,
        4.084460893788819e-05,
        3.9677352738961405e-05,
        3.852226146058639e-05,
        3.782816525098276e-05,
        3.94414353122664e-05,
        3.8028148141617784e-05,
        3.9062928920176904e-05,
        4.1281659785389816e-05,
        4.067897765083771e-05,
        4.0074443004737104e-05,
        3.9015407179981354e-05,
        3.699583362262027e-05,
        3.799411728291031e-05,
        3.787414484496587e-05,
        3.932085935247355e-05,
        3.79473469666992e-05,
        4.24034973585931e-05,
        3.836176560846135e-05,
        4.169568613517896e-05,
        3.9080369440089054e-05,
        3.921774873641659e-05,
        3.99814735522088e-05,
        3.906090835983932e-05,
        3.8217479478056885e-05,
        3.851683116747864e-05,
        3.934524159715494e-05,
        3.911739690247809e-05,
        3.8989776134494925e-05,
        3.868778762081259e-05,
        3.9370727740761517e-05,
        3.9901668237393605e-05,
        3.834206909178491e-05,
        3.919078758345144e-05,
        3.9194986842652427e-05,
        3.985089434703179e-05,
        3.8879932819768516e-05,
        3.855659544419104e-05,
        4.0825284305522866e-05,
        3.85920601293683e-05,
        3.9155575253454985e-05,
        4.086942178256704e-05,
        3.967716082212527e-05,
        3.9978590979788987e-05,
        3.867126137825275e-05,
        3.942459150644645e-05,
        3.8455731157346395e-05,
        3.9274222266473e-05,
        3.959516022765865e-05,
        3.9771244335163954e-05,
        3.897352737231065e-05,
        3.9650567610892426e-05,
        3.211813344550939e-05,
        3.160900661315233e-05,
        3.127702920527656e-05,
        3.1436182029716484e-05,
        3.1781231830430944e-05,
        3.2414050809208984e-05,
        3.2275824851347665e-05,
        3.0962310066952446e-05,
        3.136823794656153e-05,
        3.173142437236821e-05,
        3.197089946948814e-05,
        3.1750287767680506e-05,
        3.165874697714512e-05,
        3.402216037010847e-05,
        3.175791143911141e-05,
        3.271151458567367e-05,
        3.1031541404240804e-05,
        3.285235893303758e-05,
        3.147962036472935e-05,
        3.1911164526949905e-05,
        3.180869082680362e-05,
        3.2633611090473875e-05,
        3.204548096048512e-05,
        3.1281340050866854e-05,
        3.220353524932777e-05,
        3.1878007921369915e-05,
        3.20826772611477e-05,
        3.129781046444423e-05,
        3.1619571973620495e-05,
        3.2232926231479175e-05,
        3.149802346961654e-05,
        3.2392679459115556e-05,
        3.187109423540746e-05,
        3.068569363009621e-05,
        3.22453978261101e-05,
        3.1645166412214256e-05,
        3.11477381874068e-05,
        3.0298840615695332e-05,
        3.180951087619953e-05,
        3.147611622829271e-05,
        3.219151181978164e-05,
        3.1190251444145064e-05,
        3.181622751771311e-05,
        3.244542286725017e-05,
        3.1572828041904496e-05,
        3.292280895824574e-05,
        3.23610522377614e-05,
        3.1298561397086266e-05,
        3.1826383420975725e-05,
        3.1000558404353886e-05,
        3.283787051399346e-05,
        3.085621615543551e-05,
        3.103807232478364e-05,
        3.182181591920957e-05,
        3.185147067312201e-05,
        3.207762931369279e-05,
        3.1474444267318304e-05,
        3.188640226309237e-05,
        3.1976686970676234e-05,
        3.15367439079583e-05,
        3.1066447986335836e-05,
        3.1780423314934705e-05,
        3.2905286034346474e-05,
        3.1324974413739536e-05,
        3.1989671518166304e-05,
        3.234280407256185e-05,
        3.1679210179288544e-05,
        3.233974683948792e-05,
        3.181936330798829e-05,
        3.137741183395224e-05,
        3.113972027477816e-05,
        3.269431122107939e-05,
        3.1094835003117754e-05,
        3.110940603172708e-05,
        3.194706519267377e-05,
        3.1478257816274215e-05,
        3.1886418752930924e-05,
        3.215495064348663e-05,
        3.21176742454016e-05,
        3.167111659616255e-05,
        3.212826918866489e-05,
        3.24326021310573e-05,
        3.224380073726891e-05,
        3.094182921603743e-05,
        3.174663349707868e-05,
        3.184419190037955e-05,
        3.224205908182314e-05,
        3.223704203350894e-05,
        3.153288124198319e-05,
        3.2486309022360246e-05,
        3.2096530281361355e-05,
        3.2689595342517836e-05,
        3.137925667399365e-05,
        3.3059903545060247e-05,
        3.234883057281269e-05,
        3.1295341294499584e-05,
        3.168870633025103e-05,
        3.138143922986801e-05,
        3.116601778775696e-05,
        3.090083452107622e-05,
        3.1717740582748584e-05,
        3.1310179140331804e-05,
        3.2347780889458646e-05,
        3.11717633913764e-05,
        3.1646446772485444e-05,
        3.169429738165986e-05,
        3.1654148654540905e-05,
        3.129778905633817e-05,
        3.0806119658880226e-05,
        3.351218330120384e-05,
        3.243133945803633e-05,
        3.124962326419659e-05,
        3.1568902472800266e-05,
        3.210053883351561e-05,
        3.1932754185370695e-05
    ],